ID,TARGET
1,707.4517091495321
2,3.462232555864034
3,3.4245360997311978
4,3.442403947497867
5,4.094689989629208
6,494.253762187742
7,29.97170079246852
8,2.8486197557135764
9,712.1346252073884
10,928.9945522366538
11,422.2390291206882
12,813.1106364050825
13,2.67564645976246
14,889.5643769735885
15,3.365988846883494
16,8.92723186792669
17,3.496343954656885
18,3.0926322910396404
19,123.1815083594108
20,960.2197955565844
21,467.3524972657194
22,2.7729655104295854
23,3.0849966618388294
24,3.038299556578266
25,991.4077663658768
26,815.9320540413407
27,2.832284708031225
28,2.5199961555676937
29,747.0313419080225
30,2.9152925256224425
31,3.957455819801927
32,3.061328124525923
33,3.0200948112747183
34,549.2986396005939
35,41.88465528744874
36,3.6198016675769114
37,3.511248491171135
38,309.49353655554086
39,110.1545824743688
40,2.899648531354048
41,3.194469765410964
42,3.336590050934423
43,824.1724112908418
44,796.9453926390869
45,3.0447540111063955
46,3.103236730495202
47,17.65987374317051
48,524.7836774541549
49,41.44970315554356
50,3.645190664077594
51,3.28760048091183
52,758.2780892758033
53,4.417660516055251
54,49.42595960379059
55,3.519618160781306
56,492.58399278097465
57,3.754959561971965
58,3.5078322438648324
59,4.0023658493620005
60,2.4814899106348096
61,7.082586459631941
62,3.566861829146794
63,92.9255138997762
64,3.700567731335763
65,347.6690299952516
66,2.9235690741927844
67,4.124867439574998
68,32.05144513395094
69,2.842260728387336
70,4.860010233901764
71,2.9132887531193536
72,3.986506682875561
73,319.3004351966314
74,53.416027628667216
75,3.078044300520633
76,254.5873338595813
77,117.86354062103582
78,812.4210418071347
79,2.887631170230082
80,4.048702020414575
81,2.9410889681593435
82,4.525323069565328
83,2.782600482952925
84,3.118955601612382
85,449.11873139598566
86,3.228949189702831
87,14.682600561718848
88,439.6288746195706
89,3.619762076591977
90,2.8370426168321874
91,174.77460465969006
92,3.102121878959029
93,66.88231031956957
94,3.147980254047872
95,3.197807812486828
96,4.412876143212542
97,811.1229271629946
98,355.2456787139976
99,2.8887323736679367
100,3.140838795455593
101,6.2528683157934
102,3.148139715085538
103,3.078322995949076
104,3.10746396715116
105,3.5406822811046634
106,370.4236831623599
107,1018.3911967073452
108,2.458337813465932
109,2.768233391330233
110,681.3525875505666
111,2.93036667771073
112,856.2418565230656
113,537.0687918221151
114,574.9728908815694
115,3.3485172473069524
116,3.7181707880533335
117,2.8459195984290933
118,520.5697743609129
119,469.5410330127093
120,2.3892727049358142
121,879.1285578319389
122,68.05067141305695
123,3.05516132241784
124,903.359354408824
125,3.282345035873989
126,4.106432876027482
127,3.4256416070543905
128,370.9612615003578
129,766.4527840309961
130,2.841896135391061
131,2.9150593761664174
132,359.5942658695148
133,275.3556880222084
134,2.481415534949586
135,625.4283555553438
136,4.824705587699144
137,338.0972022248403
138,3.6205156420785527
139,739.3811047603361
140,3.249446911048824
141,776.0573050709229
142,800.5741987704546
143,145.01514013741738
144,2.880579501753685
145,2.916302996195737
146,3.61592853846208
147,3.341362580243559
148,3.6671251642760128
149,3.2397877161026374
150,3.8988766264595
151,894.5755440888197
152,3.850587004994025
153,714.9380083503081
154,3.0205346418216528
155,83.42923329276672
156,878.5958399649165
157,845.030492429158
158,3.0389768880785017
159,3.652283623190812
160,514.3323792491423
161,4.177201118547101
162,4.803606649010333
163,116.79290164057583
164,3.625241741232875
165,3.0962017542423634
166,21.18872811441094
167,693.4261472041899
168,4.166298313956667
169,921.0924328989512
170,837.4844924936878
171,275.5912362103111
172,2.716808764045817
173,3.1021942574849435
174,180.9410164114775
175,4.063003609579562
176,270.913174589432
177,679.7140012387073
178,586.3997325570094
179,719.3388490358236
180,257.7781290612484
181,2.9585536139840567
182,3.192024000606776
183,3.042478702823497
184,3.198872638422944
185,3.211385904539717
186,592.5072375072318
187,49.78199547489484
188,5.09836931041948
189,3.3085764769465635
190,48.4477762148446
191,246.75169669068444
192,2.2253811204200664
193,134.07505615671872
194,290.4444176815253
195,4.303499080851776
196,3.686975905320809
197,2.4899330091002527
198,2.892043398770632
199,216.75870091788528
200,218.0465889501161
201,3.406430183321364
202,3.03551157688721
203,779.8613217080065
204,3.0271961681080186
205,2.430684991269461
206,3.0404674185413443
207,69.48730366608689
208,795.2392653896557
209,2.9554033939188327
210,432.2779404826084
211,1004.067206608046
212,244.1860143983389
213,3.086022265565905
214,188.01421659089067
215,3.039123941580819
216,3.140764004150085
217,723.2489582141288
218,4.192651632369449
219,3.537151925416053
220,2.921125221849701
221,690.1947812912066
222,47.0369130419554
223,269.27020946227685
224,3.432964639566906
225,3.3451307630388665
226,788.3808753090183
227,541.1737489106158
228,581.6429305153998
229,3.2198982255813164
230,3.745823751071896
231,971.1818602108287
232,3.6439988729725097
233,140.65024592501652
234,275.0441572985065
235,2.768805390737578
236,43.81598349887079
237,3.662433417693373
238,124.87135770696
239,844.3525215757396
240,927.817240073646
241,691.6156709473049
242,3.354428666109738
243,3.153163144389472
244,4.204417498793203
245,3.901830030031836
246,412.8342818914647
247,131.6809333899058
248,60.306058766634095
249,2.6296749529347214
250,2.9728516199733663
251,216.72138101566648
252,485.2592160357875
253,3.043447901310688
254,780.8110430750883
255,4.306423651900488
256,413.31743116855534
257,601.1646164436133
258,3.5232611315596536
259,4.02093034051962
260,3.926482143139596
261,593.643770917228
262,493.3037772368272
263,679.9218063492906
264,3.0819401142858127
265,11.565976187063672
266,302.237858140523
267,2.218091515377682
268,824.2196338853437
269,3.208562190264118
270,811.3190868208277
271,3.1958219140150987
272,36.15254983769894
273,3.4606878745516667
274,25.7246308283908
275,838.1808037197308
276,2.8342301385186164
277,2.789081750976997
278,3.0800452897457244
279,2.9308251155920697
280,715.8295188422585
281,714.299510248219
282,541.1745217692088
283,546.0408751844857
284,2.119984369291781
285,424.8490669090812
286,3.339644692738726
287,3.5908673118698324
288,2.986353597558048
289,2.7957873696420124
290,4.5511401392796
291,471.7719850508197
292,126.63577002095502
293,2.5261006741358094
294,506.63373175670574
295,243.73161274754705
296,282.37732666454843
297,432.7900195953842
298,3.3176101649379923
299,3.7617640812334376
300,3.317792004928396
301,594.9440244554457
302,115.26869042309612
303,2.804365348434153
304,20.91748963520026
305,3.2343195701564214
306,3.152570140894687
307,3.782007579900109
308,573.8682802803618
309,2.329766774606539
310,355.29679017276067
311,3.0961831066727847
312,3.0417009085747777
313,3.3918849065474213
314,3.661074000335276
315,2.3172326448489398
316,3.7926093344498826
317,3.07465632750188
318,498.1176148584593
319,242.05223800954397
320,4.935918898291713
321,6.513358979137539
322,16.404493697127396
323,616.4400960798574
324,982.9792589618996
325,5.672603328846443
326,527.6997569474405
327,2.898100307332678
328,96.26094454204764
329,521.0940725338057
330,3.87202637033294
331,573.019049813726
332,3.8983504097296247
333,431.9713921496651
334,3.29808238406974
335,847.3576881789485
336,46.75419377942729
337,200.44050836065747
338,554.3243999572246
339,76.71657276021675
340,52.432201929567526
341,6.162423553025912
342,691.719850488162
343,2.898632522569104
344,3.4627131206012938
345,3.118685944035656
346,2.8263763346166657
347,3.1088824401343023
348,534.6006468472165
349,3.313028537524948
350,3.330979626373921
351,3.630926258643809
352,473.2241986661159
353,106.10674546538762
354,3.095099216970857
355,687.5360632649957
356,3.925279834071097
357,3.2912174948048447
358,2.9880913617660947
359,2.8774890800505863
360,32.85611309590392
361,928.8488396107562
362,4.107667160465426
363,520.4510603611445
364,3.366690570185347
365,2.755875069586695
366,874.0249683963979
367,62.72003266411386
368,2.8296173044102817
369,2.9673221764597435
370,483.8454077087305
371,3.059841321746044
372,3.313073748834108
373,697.6896702214988
374,175.46636357196363
375,4.460184916219629
376,163.4007173934612
377,710.9031448803594
378,815.5924617748898
379,3.86758246132634
380,3.069200773289136
381,3.4659769043467
382,15.292906100805856
383,46.00775936910708
384,635.8128381346015
385,3.220961075335962
386,3.478886383138496
387,154.26907107299886
388,5.329600412644663
389,104.60898372029708
390,3.40998166680976
391,3.3516311729553694
392,369.7681153509213
393,18.22281199954263
394,3.08536533904813
395,484.8321606001059
396,2.5860054575689544
397,383.46422318410185
398,931.364359267265
399,431.1754257851351
400,366.182121808436
401,2.974869486430752
402,152.7892584490626
403,2.923443122704067
404,17.086949875673167
405,3.8556236702459135
406,990.1267962617125
407,4.741315931904897
408,3.022697123682077
409,126.08804687452734
410,818.2313049860933
411,543.4218996821523
412,3.328645708332876
413,23.418725268901976
414,277.11448935659735
415,756.7322758887695
416,36.00776428751917
417,3.255587041943364
418,18.585659622294955
419,45.50020758142207
420,3.393663274048068
421,2.9576294388833086
422,3.730214269397118
423,2.365166689702581
424,608.1135549239301
425,2.972524888545937
426,222.1026096841343
427,2.994660560650524
428,752.0027285488002
429,3.0780719942279173
430,3.2548397622859584
431,200.07259766514872
432,3.8721696425695846
433,2.979370738342624
434,3.422503980135021
435,3.229250150017089
436,4.08783357069279
437,59.73110487198602
438,547.8907866064969
439,997.7946845128632
440,2.751354417102772
441,698.6668559499258
442,3.09801582132188
443,176.71911828994251
444,425.8082092086072
445,2.7770024916385387
446,243.99039894945352
447,883.8363807250768
448,647.1223591207264
449,87.15231608475449
450,4.256745790321841
451,2.5974344284394784
452,345.5664121280751
453,814.3003889728861
454,677.8946702651883
455,749.2602966567072
456,2.9102822422913164
457,3.978132904777431
458,3.7644698933868432
459,2.5833766455823364
460,813.0464582296725
461,3.066919987719469
462,54.15953281302029
463,348.2680925939175
464,663.3666457006326
465,2.776860118550337
466,3.6614508754267696
467,166.64406641828504
468,702.7728941492611
469,3.058956392935366
470,2.951038379471462
471,946.9433515526084
472,652.883567461978
473,3.5651380545531937
474,3.662051654429239
475,668.9868650900139
476,3.3669737153183235
477,3.21642202879829
478,3.8874220972813935
479,257.8638362966717
480,106.81799223732833
481,865.9130562935321
482,164.22001361921585
483,217.5868354872296
484,2.682627327519701
485,538.8081237121413
486,3.5169495080054496
487,274.0643585079161
488,433.0520640053131
489,1043.893013038415
490,614.5482929258292
491,467.0589795012612
492,4.01178203573437
493,951.0556695856015
494,297.3640292730831
495,3.3332354153618065
496,2.8939486596486863
497,3.602696035584673
498,3.4125625421340824
499,160.04555217396523
500,416.3419396758569
501,368.0046743945673
502,3.855211522279426
503,3.006614950066165
504,971.688848594214
505,4.495093407346823
506,575.3148710575547
507,3.578636009980664
508,466.17027321569
509,686.2550223130722
510,727.6734444024224
511,95.11933316207862
512,3.895137741235879
513,847.2855587112483
514,488.5109474500805
515,793.9290065570908
516,870.291831490245
517,956.1969848630384
518,4.080326691564151
519,643.9504428979832
520,2.7492136291856992
521,2.37506737721625
522,39.93658209241815
523,3.5094857268256305
524,904.283451658259
525,2.445876590405773
526,2.3458464878105323
527,3.323638830778102
528,888.5496870810556
529,3.510257331018364
530,444.5033555474644
531,2.791354587927982
532,3.971748474907739
533,2.9227278452170395
534,3.185602763332544
535,1.4375036472612652
536,9.971889988256397
537,3.2577279636655563
538,3.197133658945341
539,3.523475141273304
540,1033.3455224554227
541,3.628657907786976
542,71.78597599622007
543,112.95507775783258
544,2.746585775079176
545,3.623811512202273
546,143.86532399478838
547,3.939375161324936
548,5.414972707099397
549,14.801669189743317
550,3.2137406818952616
551,2.484285884773846
552,472.8745539638671
553,783.5138166838693
554,2.952393379095005
555,2.554438230642496
556,11.528928798522417
557,2.965733311465584
558,10.192082323836903
559,3.417554945547041
560,3.70554499023298
561,63.584057873731865
562,3.2481930757379325
563,342.4748421347068
564,399.1500283730708
565,4.388777378502039
566,132.1163899370257
567,3.102285384630749
568,342.43824772702794
569,3.02667608239536
570,679.6117586235488
571,8.732067810717693
572,196.86475011089024
573,3.812004910240442
574,878.3659470891705
575,4.250816503119968
576,18.16598839536619
577,754.4712696099017
578,2.7168397404802804
579,705.824191506324
580,807.830946543533
581,77.09037005374643
582,401.72829356561687
583,3.0606746541087317
584,2.9253983377694515
585,4.349922635235645
586,786.6996923485971
587,3.077961520144992
588,103.94397045989868
589,28.016966353817
590,3.222136302939319
591,3.162531977328649
592,3.55138534143086
593,3.3607367248519
594,2.95656361708936
595,350.68533578319
596,300.6982895833408
597,2.8588056223392213
598,2.5973908997733037
599,280.2812054616035
600,3.12219284997367
601,397.20303996770895
602,342.40805969720054
603,967.6853009157952
604,2.684731770080601
605,3.610475917431669
606,3.473762076114186
607,2.323771775985412
608,3.404620258855187
609,782.4118882335181
610,460.2047054884257
611,3.0144426004456606
612,884.2663719209559
613,3.7119800450378695
614,3.220817856542989
615,507.6865704626988
616,760.1415615092433
617,345.2582093630416
618,534.4954911360456
619,798.6668837119164
620,76.05031412820338
621,137.27862612735416
622,931.0627061609748
623,3.2000704820295027
624,3.25042035527128
625,3.650900504451235
626,3.1589384815379136
627,910.5614626562688
628,2.8232273852115544
629,119.55808512213488
630,3.1236383638212635
631,2.946686454046853
632,763.8104643456852
633,167.2195698936375
634,435.7521201064984
635,16.345325980636332
636,3.0530807648743394
637,2.908636238388867
638,264.1185250587473
639,4.671524169881574
640,2.6786936736149505
641,2.7141419407186542
642,736.3200097000185
643,894.8150267065449
644,2.98095715676346
645,3.234520398565487
646,268.6978408958932
647,3.2090221573496853
648,728.5748884460332
649,3.980266854971342
650,725.3919291108867
651,2.865913127337413
652,17.39101938146448
653,873.7017556947831
654,3.154979008859562
655,698.85457361483
656,939.8471113136208
657,15.671111801900452
658,3.2612399829701486
659,2.788080347612911
660,2.9195582012751267
661,3.443646502750556
662,3.4059995961370326
663,5.601679148379062
664,2.377778688046256
665,915.2420714129717
666,114.00794877759688
667,456.258935258979
668,105.83851499469785
669,2.880343902394257
670,576.2624342737234
671,2.982699840456017
672,3.3084897726054363
673,3.729675119969323
674,303.7042380620896
675,3.2282912908408274
676,3.246511802485622
677,3.173946692589731
678,163.15104296775624
679,3.416093546162206
680,314.76301553090946
681,327.6528444551621
682,847.6143071616725
683,2.896296250383088
684,400.77746655430457
685,761.7181708890924
686,342.81991312467864
687,3.84830098005977
688,2.777877297138168
689,1049.061417721559
690,556.0347788857398
691,487.9553632877907
692,881.9835936461895
693,3.541745399874311
694,182.33927900451337
695,3.821953401616983
696,326.37459949022843
697,3.003740198404515
698,928.3659643285496
699,541.8532461059149
700,785.4676174112225
701,34.05777940080253
702,3.239290055581649
703,553.4779046989771
704,5.658664831314838
705,1005.6853943962376
706,158.150187459327
707,2.529277105022043
708,2.700041359490653
709,2.8297702838753493
710,306.42115794851384
711,3.2613169998456577
712,314.5690882262106
713,3.148043395063129
714,3.264531476586329
715,3.097659135667145
716,112.44830495434896
717,820.3917136874093
718,7.273844211000706
719,842.3200785941258
720,217.5240055597318
721,751.1799888587774
722,3.315297882947542
723,8.77589128889587
724,2.983810805322729
725,139.6892503602533
726,83.67326644521125
727,3.416230652363934
728,518.3918002035211
729,4.808385486554856
730,3.163440167697434
731,3.0606099322646827
732,4.269069545772712
733,876.3733066848627
734,950.3290563882816
735,3.643166450484011
736,3.4338898198498287
737,4.290840827254681
738,641.1903260458988
739,470.0207525792571
740,3.4033559152941284
741,841.9893007339083
742,364.00998389867937
743,3.3533083702617548
744,3.46435393871754
745,6.89197508031343
746,846.0531569771825
747,4.03096426522314
748,3.148669999369273
749,3.834314484437928
750,753.7534225183075
751,3.636503837917132
752,579.5467185549736
753,3.950848384446999
754,387.72805492519706
755,462.582779037056
756,869.5485200283158
757,297.7747597052905
758,919.41467113441
759,3.771661588243179
760,2.954943386034444
761,3.5046489354072508
762,784.7061278298553
763,3.038307935279536
764,262.26406463837355
765,987.8068585277492
766,3.590238544871533
767,6.669042274422948
768,12.757812450575871
769,2.9872194494360134
770,3.2605029230184988
771,4.364425814936478
772,297.0275906061517
773,3.978016125177547
774,755.6726599644815
775,561.2174627705668
776,92.58232184700096
777,802.7769747768593
778,459.35874626965006
779,728.0756647472756
780,865.5987358634014
781,2.995689068218161
782,566.5249211747673
783,829.9242146706387
784,15.05761575918203
785,2.329697583515472
786,297.08096696665
787,3.336064838445409
788,201.19015945481945
789,3.249937975814193
790,2.9131872879060965
791,2.9064096477223766
792,2.7359699665000563
793,3.4789674913470945
794,288.31371309331496
795,3.267245256644614
796,3.07964996342135
797,91.61768135759874
798,421.6461024215839
799,2.686237154597685
800,631.2514375278022
801,3.174619329665445
802,2.619176556992006
803,2.9602678926405583
804,3.36554259396792
805,811.978471477123
806,4.945329383482264
807,2.9427535740203425
808,8.699704069560681
809,840.749590486473
810,101.6981731034583
811,29.15836774540428
812,2.8915897538067226
813,942.7451603648444
814,2.822013557767889
815,3.0442505539976685
816,3.153106814235484
817,2.885494721627336
818,756.0425622182252
819,3.2923305235948743
820,3.348549848263317
821,614.1842400672713
822,514.6903941736848
823,2.933506745943447
824,3.396030188175891
825,935.4663552690552
826,279.803630409213
827,151.44401625017156
828,59.49437303765986
829,666.9840948722278
830,2.0600512097882797
831,509.0729313965105
832,4.117860598454067
833,6.427722065242199
834,4.224730089296632
835,2.947883365379086
836,601.1939670680417
837,700.6329760500358
838,713.3587460237935
839,3.7748002217904446
840,220.06817911192525
841,835.4721515096497
842,42.67501529166586
843,3.148920348826793
844,3.54652021345764
845,5.863964666858863
846,2.899744716734131
847,177.00732122887092
848,563.7967635159572
849,2.455015073785994
850,869.8508036271862
851,2.903350105720822
852,2.656343025423393
853,3.627943599383235
854,363.537933300574
855,887.4785375752757
856,4.440891302720552
857,3.155399294612835
858,7.984938472828372
859,92.51926907566668
860,19.658216604427537
861,434.3167157630331
862,3.2810119330501863
863,3.0103963636677524
864,340.4848984626326
865,19.96078700428818
866,3.025045181269645
867,521.0587061744696
868,3.188488701967944
869,371.5544861111228
870,3.482931955868494
871,4.137489458607172
872,3.281429828847003
873,849.4160581548302
874,883.4780595687982
875,99.43422406912276
876,294.17297132463216
877,246.07506613054852
878,3.263779516256916
879,3.164966882356566
880,427.2751926400826
881,12.503188219259576
882,575.1806483751731
883,4.809636599563604
884,447.80244650178514
885,198.29267607909657
886,3.396416711468467
887,99.05682069005246
888,82.16073157742221
889,454.27590084667577
890,3.5261218243292176
891,599.4933059162375
892,2.9041022012784428
893,67.6123922078624
894,203.09275082587857
895,3.425559744118901
896,349.45912137529666
897,299.9875887106969
898,3.7048951145055216
899,3.002267641988753
900,3.159915534792434
901,756.0425622182252
902,2.855395479674957
903,3.326700794980926
904,2.806376426828576
905,3.1709142196869515
906,13.156029460542271
907,756.3745682082035
908,2.692025801355395
909,6.441445268991497
910,102.45233763889024
911,1.672995390991777
912,892.7239993513851
913,3.825411532469009
914,14.481731769505762
915,3.200598351929064
916,86.42728879369314
917,7.296682081829491
918,1013.2109896545792
919,375.705422720285
920,272.05351180819787
921,2.911045679882605
922,673.3196698186661
923,3.0091407665036383
924,2.750566672674172
925,33.98923714785163
926,3.304017963718647
927,213.56434752959703
928,16.609788635413928
929,3.6074502847270566
930,3.095449361925171
931,3.148010068675985
932,476.48055559956936
933,18.76849211025677
934,2.9529920097582214
935,3.716524927949504
936,3.087797573213317
937,1027.0473875218297
938,2.8686174458933804
939,3.294133393149905
940,4.424849946111228
941,3.160524425020662
942,247.01359051203
943,3.2553031048961283
944,3.541147285185968
945,3.02676421484624
946,3.414876704049101
947,3.128503407632988
948,2.596226552067025
949,379.8147184011382
950,440.6491355914217
951,508.4285402882997
952,4.770473175038514
953,185.41444912114804
954,894.9459068932863
955,2.8336515432874063
956,3.175009158696576
957,379.23851469073
958,3.8424132195476015
959,321.1951458137556
960,3.056122721591629
961,18.774593574777438
962,598.9891755349737
963,3.1656025305411326
964,364.5728197432155
965,4.14342627313823
966,3.2517726775849463
967,649.0899982716547
968,3.160020892406638
969,4.845095091928325
970,98.15017490079173
971,950.0663936515818
972,2.838518514803099
973,856.4183723417243
974,204.6792088727602
975,918.6939609501288
976,3.1864754195431657
977,7.498186936798147
978,2.432064501785396
979,3.390120834982511
980,265.2265085660076
981,2.749440518060037
982,906.1460087077724
983,3.0986794469076004
984,3.696830145944992
985,2.948557476991541
986,380.4861607954374
987,3.454799118247037
988,4.418323824126582
989,357.52546502269166
990,2.988939608672457
991,3.158774403055996
992,821.0377779878122
993,4.366441192317761
994,287.7231619813779
995,3.0902013493130545
996,513.1805456666101
997,154.25906398436018
998,3.418809530942453
999,440.4308305956233
1000,3.5601479794123647
1001,123.43994417275016
1002,619.0881108339004
1003,7.973576669587634
1004,4.001366827222747
1005,29.324987299594063
1006,107.51345723278928
1007,3.398276945187553
1008,4.173760916342391
1009,3.8777065692402646
1010,256.4171936056259
1011,3.506401227803673
1012,3.1870369768008278
1013,3.2256392892719608
1014,2.036156891964378
1015,485.1276633600324
1016,4.054410040668574
1017,699.2931628308694
1018,3.334015335586113
1019,788.5993920635982
1020,3.918729399337453
1021,2.987398486855515
1022,51.37677255987429
1023,2.909896791372215
1024,32.49030063967297
1025,3.085521442036571
1026,120.6206195371852
1027,6.271161739680085
1028,3.0544106161114324
1029,855.3347277008867
1030,559.9829162790513
1031,2.918327847833095
1032,3.8246339029465664
1033,3.0767090713860497
1034,3.741583473539336
1035,3.0757552499382244
1036,709.2524137926935
1037,910.0342947006538
1038,3.892926122400746
1039,3.2479629366404503
1040,3.102177092487187
1041,69.42019674008684
1042,135.98673682813975
1043,273.8635883357789
1044,8.123068607104178
1045,2.9508471966207543
1046,2.933064756403959
1047,3.821689269098073
1048,370.524284598813
1049,3.221572641128652
1050,323.5141172603793
1051,2.799864096678835
1052,3.550824878666644
1053,3.656858977829792
1054,3.5919397372453066
1055,2.939852354395621
1056,21.744529071865124
1057,897.7491242034338
1058,254.02194650509637
1059,772.62655997005
1060,50.78375129952931
1061,3.947545204470614
1062,525.5405844347092
1063,2.604959766460812
1064,36.63906199892969
1065,761.049888647166
1066,14.382839966252888
1067,2.8469661201747773
1068,2.709435778255539
1069,3.112471151461074
1070,3.207081671229986
1071,213.23139767207303
1072,2.8729087303602068
1073,177.9667556129447
1074,2.9477424252162865
1075,12.93916877826417
1076,2.895134440812892
1077,599.8187289031271
1078,3.697572408357337
1079,2.5158710956648846
1080,3.689536299867716
1081,3.133977779462825
1082,2.775881630400157
1083,357.95297105768526
1084,477.541694346595
1085,3.719317854105446
1086,716.5771888209823
1087,3.671210231224101
1088,649.7797355989505
1089,900.7813849472376
1090,3.163561094632146
1091,552.0974188733877
1092,3.2271225603867624
1093,3.097927880733788
1094,3.2756252883214625
1095,511.887698569585
1096,26.680432803315465
1097,2.9983572759052186
1098,3.4473470727523154
1099,3.250669525829986
1100,9.28383411629147
1101,3.017957790385186
1102,2.87539341628177
1103,372.2605662163225
1104,774.0175573093078
1105,3.2951278850092303
1106,3.187127084617814
1107,526.6885233585356
1108,117.28192322899636
1109,787.7145354373689
1110,3.1785679889514227
1111,169.86280208461787
1112,18.12453064788818
1113,724.8579350164758
1114,457.37434336836327
1115,3.6577933172717088
1116,4.441532574198723
1117,3.00487141740671
1118,2.698445941049132
1119,439.5684756441593
1120,142.07488763833015
1121,4.0206265625440425
1122,139.20248611301568
1123,977.2953077032624
1124,2.966995626207634
1125,42.310606159282926
1126,2.7468563028567576
1127,3.193389218861437
1128,38.50614718393308
1129,681.0554920897608
1130,2.9953132185443327
1131,956.5242843824268
1132,194.67243780839212
1133,2.9748346598376947
1134,2.885584198977792
1135,340.6172151032562
1136,2.8775243830700648
1137,654.998695346648
1138,11.494140116029469
1139,3.760023654221444
1140,2.6522420311377823
1141,2.93595019805582
1142,3.501022847080207
1143,698.8185722678733
1144,3.7544850384850457
1145,5.9792358306410645
1146,2.8473312727806466
1147,824.1638487483855
1148,3.695319724260685
1149,3.60321137263312
1150,2.908594922245897
1151,3.29296366468351
1152,8.429469297339095
1153,3.2037281955253114
1154,3.188031685027186
1155,20.298647679344644
1156,3.184781429856846
1157,922.8506717217508
1158,3.0367713826616285
1159,4.213502191344281
1160,53.06085015423946
1161,587.9616982144879
1162,33.566468863470185
1163,3.260963014941528
1164,504.0640701178634
1165,906.7734371387116
1166,3.028390213003409
1167,2.754625564544789
1168,2.867345557659862
1169,9.939148031102787
1170,2.946551339617963
1171,341.657141293417
1172,3.418105761009777
1173,536.541427962991
1174,65.04047818952978
1175,344.3450337368441
1176,2.8986790009315144
1177,102.65414351082929
1178,319.84374445253945
1179,782.7360471905365
1180,3.845656765206293
1181,115.00703469772874
1182,18.29567123753311
1183,3.2008224838507737
1184,240.71686874870088
1185,3.1217324408940543
1186,528.1135611009005
1187,259.1034442995079
1188,404.2994946808609
1189,154.6141192555503
1190,23.732545684676275
1191,834.7051117757172
1192,2.476685559512561
1193,3.388728064477133
1194,3.647805730613086
1195,665.4149490056517
1196,4.00299495118003
1197,2.8499554653886428
1198,172.30385888222827
1199,377.5117363814712
1200,5.404722506784687
1201,3.0446385415256736
1202,687.6846304811157
1203,50.3123721074961
1204,2.8912000127142803
1205,86.9369748040152
1206,6.6896455705483175
1207,796.9552415816729
1208,3.049044357831424
1209,3.317011027659328
1210,3.132544079086403
1211,4.405505436283479
1212,3.0065206673131013
1213,2.573548531303329
1214,189.24260007337705
1215,3.536632335256137
1216,3.882829047358025
1217,189.36403691793407
1218,3.104944303838196
1219,891.8563046573124
1220,714.1485902321624
1221,3.766965705227264
1222,3.131384141124439
1223,20.594806308852785
1224,953.0663015887162
1225,2.456782440804314
1226,72.31934933098681
1227,2.532259189050024
1228,665.3914116986261
1229,3.6730421280047327
1230,984.6128893264972
1231,539.6493900777348
1232,3.0481801099517805
1233,2.954771097060036
1234,676.5109438959158
1235,830.2409738210168
1236,381.906816978231
1237,3.554242996343797
1238,3.070401938578953
1239,3.073467867658217
1240,3.1238607149402235
1241,722.6939684762563
1242,727.9019487944404
1243,2.552308257046202
1244,3.064419934669585
1245,529.3652862122725
1246,34.28740798534056
1247,3.25826504057772
1248,203.34356510059771
1249,613.4693608491294
1250,931.3033976071292
1251,2.7905549404899506
1252,731.8027476269417
1253,203.647653218172
1254,367.38955953365695
1255,3.608406720420129
1256,4.487385879692358
1257,785.8562092389787
1258,4.100293193943942
1259,3.589518156375559
1260,742.6087701901425
1261,48.74907230681324
1262,768.3168375463823
1263,3.239990267018444
1264,18.14321366875641
1265,2.9979169989761205
1266,70.10209978215245
1267,2.655426587813035
1268,3.168768009906917
1269,708.5228408934979
1270,10.801187888986412
1271,1011.7704334765676
1272,806.6717304330101
1273,3.023873000057691
1274,244.8421408796979
1275,3.469644043255753
1276,648.6998349754919
1277,68.67458478040321
1278,3.607154842926405
1279,2.787985198058853
1280,7.816347681835359
1281,253.7503400484902
1282,424.7141852755767
1283,3.364617684752412
1284,591.4380359843169
1285,4.5576709064330805
1286,3.45027050281599
1287,253.79780196517015
1288,745.7768534757538
1289,4.591016980670215
1290,174.7892174507576
1291,885.5044528980517
1292,2.810613446779393
1293,2.7858939275492016
1294,3.290460816499188
1295,67.50728976605652
1296,413.4043809759504
1297,513.1864733527055
1298,619.6671979919004
1299,3.1788616142051067
1300,963.4599532403078
1301,139.39988857290723
1302,2.8597367479182947
1303,170.63908041192127
1304,3.275790694490636
1305,357.6848755143471
1306,425.00002862659295
1307,2.562719956237069
1308,3.015692678944465
1309,2.3186883571295227
1310,3.1493033887643005
1311,3.5102929640012865
1312,193.52395645754325
1313,76.63420846122871
1314,3.6389691696215336
1315,3.310875029955724
1316,3.3757388846320766
1317,2.396906032382004
1318,527.8254879107528
1319,56.14075051707423
1320,603.5341406049355
1321,3.188163192840626
1322,3.078005240531034
1323,709.6318729044385
1324,3.528780614850424
1325,3.4749561980482486
1326,349.6305410613168
1327,3.4876210407180763
1328,395.7616342103549
1329,3.500636124141066
1330,700.3664538313475
1331,195.84433552722413
1332,477.8175085634724
1333,79.39780553035834
1334,829.9845802636612
1335,3.1895197844542094
1336,3.943772344141892
1337,735.4237495826059
1338,3.870035860186952
1339,80.93931458213682
1340,3.1310595482610237
1341,522.3120843223534
1342,3.1935603200963776
1343,2.665256936150482
1344,832.9072942055011
1345,4.080442226139038
1346,3.070405337618466
1347,519.0982161649217
1348,4.024142813020643
1349,2.8190196280075472
1350,4.631781373247191
1351,3.690319416272664
1352,120.437863526238
1353,343.1320375361309
1354,4.179549087942768
1355,4.012147643915806
1356,3.182053870931826
1357,50.05004713824469
1358,366.1579369632132
1359,3.5475283575197265
1360,3.929834931593672
1361,94.39006530899304
1362,437.5777300254906
1363,2.763338567294533
1364,59.79336971538565
1365,3.053048522750641
1366,3.3768538203439427
1367,3.4243952312848216
1368,709.1938784750487
1369,848.6210654495508
1370,2.8574071556864715
1371,242.3620786063541
1372,919.6032814290556
1373,4.127143676523882
1374,411.9931746366718
1375,2.838387923944048
1376,3.963333654516108
1377,484.1725041127715
1378,528.3626152157591
1379,4.199060526901051
1380,568.4792830880561
1381,3.0742243302927728
1382,2.933641185704445
1383,495.42720337147273
1384,3.76488999527483
1385,2.607641252335457
1386,3.890010768844153
1387,3.3328499498413526
1388,3.0907038954254604
1389,2.988064860326187
1390,3.974781328163666
1391,36.17596581743455
1392,2.9376235387471974
1393,2.995841439189385
1394,3.0812173024225165
1395,58.51059265787076
1396,676.150475970088
1397,2.771314082135852
1398,2.578480619676709
1399,3.259807525395116
1400,299.06037715960343
1401,3.664589808386422
1402,3.7400005731410815
1403,4.158890306436806
1404,30.24795050499001
1405,3.235361923617292
1406,203.01560304577688
1407,25.748193093784668
1408,3.161593489655742
1409,3.593741680218524
1410,3.092323899325108
1411,96.39068710145128
1412,15.09981825784054
1413,3.1639067079710075
1414,2.9342689434797142
1415,505.2303450719233
1416,13.401723504981788
1417,2.6869077717698397
1418,944.374043966029
1419,293.14018851496326
1420,1.722791345846819
1421,117.02147889039983
1422,759.0217506681921
1423,366.35810868424215
1424,797.0868935346933
1425,2.566182615912462
1426,3.5474027384792066
1427,2.720214093014855
1428,3.452182539711279
1429,873.0703671123064
1430,2.874411504340981
1431,3.626697799658989
1432,2.7191270638571194
1433,19.42955792174848
1434,3.4511988813234025
1435,3.493305255562461
1436,286.3455530829977
1437,347.8099868806458
1438,161.9788508626215
1439,271.71003061075567
1440,2.653567500083079
1441,4.159578709450398
1442,46.614921796272775
1443,309.2526012454624
1444,3.6835631529678734
1445,700.6729091912533
1446,3.4462023059877502
1447,3.1249926615249173
1448,3.0047502265334214
1449,2.552680100122175
1450,532.2001792517101
1451,3.097684029664571
1452,608.3184636313198
1453,259.37942814562774
1454,3.066342634735356
1455,16.365752860124633
1456,4.127647535587332
1457,878.1776119426024
1458,3.35703959387102
1459,4.649528148560623
1460,16.61244483603434
1461,658.557290826542
1462,665.1198979952649
1463,45.67090147115256
1464,175.04271942848334
1465,20.67218432521097
1466,3.3507061608254083
1467,176.36004593555745
1468,3.480736754201623
1469,645.6180868074765
1470,3.709354645942253
1471,3.329111097371381
1472,2.8696316529210204
1473,173.35860698816268
1474,3.228300083601364
1475,165.94940510308524
1476,3.2405125022252848
1477,164.60067921866968
1478,4.530021982861029
1479,481.8459723550365
1480,3.656449729889531
1481,2.948993768315745
1482,2.8746154902885515
1483,3.6001202179782075
1484,3.5005821530510506
1485,4.50210942469762
1486,3.051246771495681
1487,2.965012483808554
1488,3.3737363218638063
1489,3.161947867454201
1490,3.9699431005681896
1491,106.74949246306302
1492,440.23613020328384
1493,551.4758927104837
1494,3.151673298290266
1495,2.977892159984927
1496,3.1284714173857977
1497,800.6725919269521
1498,333.99563252143764
1499,2.5758285828604186
1500,736.4736863038088
1501,3.3370627280241583
1502,2.616490252059441
1503,597.0547301556373
1504,466.8702461801631
1505,3.6228559043593114
1506,3.393139648403457
1507,501.09995281762224
1508,3.4862262233107963
1509,510.6518344765481
1510,2.9817134752563925
1511,3.3382554698592606
1512,14.110342512670536
1513,716.4296521367373
1514,426.37226987326704
1515,126.8851796383752
1516,568.5448602531902
1517,2.678320647206919
1518,327.22153391032754
1519,391.16171100349214
1520,3.1816235863737923
1521,92.10274607792869
1522,5.083528783105433
1523,726.6785463060212
1524,3.221046687967533
1525,3.717196913936192
1526,464.321271470429
1527,2.813866032412067
1528,3.124281713706919
1529,729.1012557112657
1530,22.51443188359065
1531,401.6918573991975
1532,3.216248453978553
1533,3.0439430390032305
1534,543.4968079704486
1535,833.4007100305437
1536,39.06214620621132
1537,37.42949276258416
1538,218.1353962676964
1539,934.8438745215484
1540,3.630285888935242
1541,291.9911248224913
1542,3.8874402412988975
1543,2.7343127638081044
1544,413.0862282183353
1545,2.413283828597144
1546,4.799452203148672
1547,3.936350994956029
1548,465.11566678402966
1549,2.088981208139638
1550,3.175292450805596
1551,25.162715446527628
1552,530.3514264479429
1553,3.1991048673366027
1554,3.193498632529932
1555,227.6120955791972
1556,612.9249941837256
1557,433.5750689426243
1558,559.2684546314292
1559,3.489279494814544
1560,637.1440570047288
1561,3.3990405592633515
1562,295.3014689006608
1563,724.3289775348782
1564,3.465634411699908
1565,2.869349418705082
1566,44.04804727302895
1567,4.156591443143164
1568,3.39422211976556
1569,52.96212285876799
1570,2.7051511517907154
1571,2.990285782110966
1572,5.287099688746586
1573,2.9146644870677063
1574,841.2394912428482
1575,19.889627688899026
1576,40.941363179954735
1577,3.118316549383009
1578,341.23249595709456
1579,3.490745619799552
1580,3.203604477829639
1581,3.143366149375717
1582,71.3799856138344
1583,385.18630675936186
1584,3.1499731108789546
1585,3.1306257141752463
1586,3.342989697296812
1587,3.2770102242908963
1588,344.03560984913065
1589,3.181092352891046
1590,2.720949314495797
1591,3.114368829853179
1592,2.81645319892521
1593,2.206301574173626
1594,698.4484775541346
1595,3.395282424907636
1596,250.3219360820218
1597,3.0526168571059937
1598,3.977264198288412
1599,705.8134325220985
1600,115.55416705117334
1601,710.2143242051266
1602,3.903191146650698
1603,2.7531756106983054
1604,3.772157617221765
1605,175.07585990657324
1606,3.5125017020728784
1607,749.8879994516593
1608,3.874818129840056
1609,249.39318850966356
1610,890.7848887586914
1611,303.17017489357653
1612,2.8789908522482524
1613,3.0461349209504403
1614,873.9136296993717
1615,8.356761199693699
1616,3.0864583190122072
1617,3.644902656045769
1618,3.574047419811316
1619,2.4588357801516474
1620,3.586803422158654
1621,42.60502151522535
1622,3.3437203242504068
1623,4.636580530161804
1624,440.9700659829442
1625,875.6475491776072
1626,776.86708160243
1627,3.5855954586798946
1628,111.24729152233198
1629,2.9775416930924665
1630,2.654721945837311
1631,266.79573857383724
1632,3.587583453201952
1633,3.414278462414151
1634,2.466949417491645
1635,3.4589607053467075
1636,3.3125625651645136
1637,20.06976933263813
1638,2.408464944479907
1639,511.84781421315085
1640,3.1664861986653268
1641,3.346971388349926
1642,3.4575951314892253
1643,539.9121904008648
1644,2.610678534868794
1645,532.0182644498701
1646,800.103758579755
1647,563.4640515189742
1648,3.112453241895113
1649,788.3455593765309
1650,3.451995954180324
1651,752.9645969580557
1652,3.851880648985696
1653,2.734487957292041
1654,2.6087266825219286
1655,135.78350697019377
1656,3.0839115553892835
1657,732.275484887895
1658,115.02984235062912
1659,3.2492840704039314
1660,463.66000119356346
1661,102.86463554942446
1662,2.978776737688878
1663,102.11186557621014
1664,461.9029384183479
1665,2.7628522955765176
1666,3.72517106853884
1667,2.7145475425688392
1668,679.2572048026536
1669,307.7082890682327
1670,751.5012865670043
1671,715.6119235927214
1672,523.0251184900358
1673,160.87228039663702
1674,667.7932418708355
1675,906.1740281264816
1676,884.3463430274295
1677,866.8444768798109
1678,120.05489337008666
1679,4.4867968416651225
1680,2.980802783696696
1681,131.3056965907136
1682,514.2178371744739
1683,608.9176021931191
1684,840.1964654478788
1685,865.2337646370064
1686,41.75336837914804
1687,3.317247238430358
1688,3.31426746807284
1689,623.0829605119268
1690,883.4642557795082
1691,388.1195227709307
1692,2.9823169931663647
1693,3.891097544781285
1694,278.40698006549746
1695,2.640655444164438
1696,20.38299494394906
1697,101.320660158718
1698,2.9352168315124207
1699,3.0762085827156955
1700,3.090945205375399
1701,7.188366409745726
1702,33.31282651151307
1703,2.895500106077029
1704,3.3082361570017724
1705,3.400727828947778
1706,323.4359377854963
1707,250.7526745056272
1708,2.894698185669528
1709,18.58624657014784
1710,3.278623095367621
1711,776.1375880675555
1712,3.078787969144277
1713,132.65299731612075
1714,2.975154776325707
1715,279.1701346773219
1716,2.958031421354097
1717,925.127796830232
1718,922.1595646938092
1719,387.854351616884
1720,3.05185671397858
1721,2.9225052894523573
1722,3.15228881401295
1723,2.9652152386262487
1724,96.82666554555436
1725,3.311356941428277
1726,321.8556950508309
1727,929.5412671557108
1728,918.4213258224444
1729,3.78087409300348
1730,3.385642945977389
1731,221.01873387079675
1732,471.53691895611126
1733,874.8168262676496
1734,2.952824447370367
1735,548.1408090728353
1736,3.3745822450061342
1737,154.90116545516244
1738,3.1063619875462347
1739,3.1622362189917577
1740,575.0687900780205
1741,3.0429267491979237
1742,110.6694711137323
1743,398.4677952863918
1744,221.50002451200905
1745,898.4884011770934
1746,4.320578803959832
1747,436.1084472866172
1748,3.344001354407093
1749,79.84100611405864
1750,484.6096228390941
1751,3.0957487305132947
1752,364.3596884233162
1753,2.9757939560568185
1754,929.5934571331132
1755,3.728758648583974
1756,3.392548905136016
1757,2.7260638853465413
1758,3.519389292975522
1759,228.436384880575
1760,595.0839967630191
1761,3.390558899093616
1762,340.02059469609304
1763,189.70080887724995
1764,11.089294024122587
1765,2.915205127080489
1766,2.9276856298607425
1767,2.96847536766636
1768,23.70408847432243
1769,296.9100679161761
1770,11.118862750058645
1771,3.3390138717089557
1772,74.50014482590173
1773,103.93111055510992
1774,565.138904745272
1775,822.3237763552829
1776,828.4612046476059
1777,4.811660059928173
1778,3.040422508585564
1779,1.8369875579232704
1780,315.2791391631464
1781,210.6519060936301
1782,2.793450984937792
1783,2.2588876648806244
1784,3.652555371092691
1785,87.2634296565176
1786,3.824017286999996
1787,3.1954201036994685
1788,7.498664118833094
1789,2.9568551018277494
1790,2.979424746514846
1791,3.765908570383512
1792,2.705963755618076
1793,914.3306701418192
1794,418.9867829876683
1795,2.732801530943019
1796,385.62885599025816
1797,3.0639897283113227
1798,29.11821404655182
1799,2.986222151513856
1800,2.9846945523480546
1801,3.91715322884918
1802,2.970074780937887
1803,504.82718098256896
1804,3.4752031287311937
1805,52.19560495492017
1806,3.182010914515315
1807,629.6271631137555
1808,3.5679533309116724
1809,3.055958763607575
1810,4.045294168165266
1811,958.6801454673956
1812,719.5935681315229
1813,347.4788896558223
1814,3.3575211902678994
1815,3.2994440373969893
1816,929.2442184480008
1817,3.0000773126935854
1818,3.4261694764505126
1819,815.5941954057952
1820,6.625123564759159
1821,2.850240809439403
1822,3.1218054338896435
1823,3.661363996234389
1824,280.5309749816122
1825,7.112565733318839
1826,16.701220393783117
1827,89.11786421958355
1828,2.8613929606979283
1829,739.7714372438853
1830,3.307132073628643
1831,4.013481056668526
1832,3.090587165574316
1833,3.189115225711892
1834,3.077201070374528
1835,636.1820257961735
1836,3.171113597724841
1837,691.731065372809
1838,2.250059400969579
1839,2.5893072095017717
1840,3.682867831769664
1841,3.029103437579384
1842,3.283218928252866
1843,26.96019010202628
1844,4.004795899266794
1845,579.4224857985408
1846,4.949124221162425
1847,3.375064747512173
1848,3.377714846774607
1849,92.1813951416143
1850,5.010233033660317
1851,2.889136038650556
1852,471.4227683376789
1853,3.029927697127284
1854,811.1401485025002
1855,210.66653750172728
1856,625.4343095171035
1857,3.4617596014627194
1858,441.58376843696607
1859,2.610642937885924
1860,797.9248515353313
1861,2.792355092655112
1862,507.36668619690784
1863,2.5607522172383232
1864,209.39025380814655
1865,4.144040506566436
1866,3.037545686342586
1867,512.5044970030253
1868,3.605177986767928
1869,2.8508630642890704
1870,3.367089637976327
1871,749.3449497686162
1872,426.8188253637284
1873,341.3500719725717
1874,400.3111129147167
1875,3.229930077826972
1876,4.180371785248978
1877,4.260862959441743
1878,3.8037852807221344
1879,27.23919101918948
1880,2.7832522850654926
1881,3.3894278590257985
1882,2.689019646663756
1883,317.81554920677536
1884,3.379927355286191
1885,2.295330056105614
1886,2.822763313401605
1887,4.680414734790536
1888,226.0451654360355
1889,3.717005498826473
1890,552.814206987266
1891,3.576866171053891
1892,140.35148345311603
1893,3.320244438957053
1894,849.6182055853054
1895,17.01846737695709
1896,2.934128778223887
1897,3.531510639413852
1898,930.167929514671
1899,3.0378202507708147
1900,3.382253093302316
1901,3.2166487366610053
1902,33.253482139344094
1903,99.24356206808778
1904,163.33556983319065
1905,12.714697568898009
1906,2.7536668511578557
1907,49.820861080891376
1908,716.7651769718774
1909,684.3636911326831
1910,3.1489904045173334
1911,3.1035786674862718
1912,654.1013954492354
1913,2.73299535813722
1914,3.4068562565258302
1915,701.3124700653519
1916,918.1944792007512
1917,3.3842572498356542
1918,3.965036742608985
1919,3.403402201358142
1920,72.89241002068533
1921,3.865691985226953
1922,466.3938625625664
1923,3.3692496933889107
1924,849.6109827566437
1925,4.0035539417112345
1926,3.515773133730345
1927,848.6279088045194
1928,2.7214439409072777
1929,57.70133940009059
1930,536.4292220408903
1931,891.9235464208091
1932,3.3826948741368
1933,3.606072283186334
1934,48.25671687810196
1935,3.4640901147826986
1936,268.21741825945026
1937,2.8980624272901623
1938,728.0350184239478
1939,3.0122485002062627
1940,12.26599353582168
1941,3.2218934973656377
1942,3.041370368021626
1943,2.892401034221229
1944,2.9809361174835063
1945,3.083023711882355
1946,3.606851526579911
1947,355.72897318461605
1948,3.955251303817103
1949,583.2323308158683
1950,3.506054258517759
1951,803.0787005265707
1952,685.0850192227103
1953,2.990466692226156
1954,2.9973812285997097
1955,370.39819008582265
1956,951.4268058365668
1957,3.413413581623575
1958,632.4791727601452
1959,3.031342438814341
1960,54.44772077309506
1961,3.094785628325451
1962,822.2086038393231
1963,921.0666366251742
1964,725.2227850546052
1965,818.7716270131567
1966,301.7999413739988
1967,775.3199341410659
1968,3.401307082060949
1969,86.15633557951743
1970,186.02535322281688
1971,733.5589813764191
1972,2.3568348953357896
1973,3.193822944059769
1974,6.553238882172955
1975,3.3539136519351103
1976,760.2539177334022
1977,872.5723084728247
1978,3.001173664940384
1979,536.7110567651688
1980,705.3265748558428
1981,409.14256438784827
1982,563.9123461419997
1983,2.4459026589520168
1984,3.256591949644234
1985,9.939148031102787
1986,952.5599355579918
1987,3.697152146690231
1988,725.6808583743243
1989,13.247725968571167
1990,2.9678862821821417
1991,387.50881235888977
1992,3.577649999817635
1993,2.6387383138741973
1994,336.5491042179535
1995,11.70373188563447
1996,3.566268369978344
1997,696.6362484094259
1998,3.711667838844117
1999,3.147571087927128
2000,3.387527058656153
2001,785.0728825602241
2002,724.7695834778835
2003,3.131972933217227
2004,3.682191468502929
2005,2.917811811373494
2006,2.6475510581012958
2007,432.704420142564
2008,3.1722692478370966
2009,3.479953164281886
2010,2.4804685677677307
2011,2.998930050366087
2012,593.6170316036536
2013,3.343153496551474
2014,18.669381358792016
2015,3.1834216217416
2016,349.96504638271205
2017,12.378889002517894
2018,849.5286907397362
2019,273.4917365908328
2020,3.623276172695561
2021,11.242970869069003
2022,67.33192185369307
2023,302.1611555464787
2024,21.992192833803305
2025,707.252020562736
2026,294.4713668872604
2027,3.332025956522848
2028,99.28812426366363
2029,300.8053137927146
2030,7.650702328934432
2031,3.2582798260980685
2032,33.795460074196335
2033,125.25439657806314
2034,2.653416505585503
2035,4.283514999152253
2036,2.964726316713561
2037,541.3070186387812
2038,253.7987441658554
2039,3.036368185327916
2040,678.364252348035
2041,3.002997251134265
2042,302.0715912510494
2043,3.362091692307002
2044,373.6008081774917
2045,3.332658285397016
2046,3.430066000298694
2047,793.2924295214149
2048,717.1959762685558
2049,337.70113297613614
2050,497.33332379867375
2051,3.176670888808717
2052,586.7960310754122
2053,149.43428850313293
2054,872.3356538040362
2055,387.9037815394791
2056,11.165280315797022
2057,3.0914665679366613
2058,660.9189514643543
2059,3.057496953177461
2060,3.236502145273929
2061,324.76121382871423
2062,3.1228454524334297
2063,3.1025235067384878
2064,3.2655113631938257
2065,3.2419370226470776
2066,3.433516708773262
2067,3.061508245752828
2068,991.9493816286648
2069,3.0525292361248693
2070,13.98504737517973
2071,2.037978364337385
2072,473.5453035522444
2073,3.2080165667102625
2074,522.2700192816185
2075,848.1254389619476
2076,4.5362471445512345
2077,3.420594094240573
2078,577.8366120453584
2079,4.172639497940912
2080,1033.0570053060535
2081,2.994561005785248
2082,3.128151201357865
2083,2.839317303464527
2084,3.094639544477057
2085,3.194350978057079
2086,2.7812601361142355
2087,92.2015287490794
2088,3.333353939937288
2089,7.026468428461498
2090,376.5855940014974
2091,642.3335408018967
2092,3.678191380651013
2093,3.0191778269505183
2094,188.65904376818
2095,3.386039683020591
2096,349.1076509586182
2097,2.7637059820290824
2098,2.4991838883143087
2099,923.6296855363064
2100,774.1209295334784
2101,319.2951547645511
2102,56.69345671126885
2103,3.1695763573151354
2104,252.9241613997567
2105,3.4489077525092786
2106,3.653790810153337
2107,3.212777571418443
2108,3.370427498528068
2109,2.699291500792276
2110,3.137863403519642
2111,2.839137177274196
2112,569.9816901581241
2113,438.1003381201291
2114,657.6302203744309
2115,385.05162075368986
2116,2.988637084974258
2117,3.1829852607509834
2118,3.3537432618141256
2119,353.80080595799706
2120,78.09800508470316
2121,2.5998260117860963
2122,472.1581350423232
2123,158.2411644199296
2124,3.8041034424199767
2125,4.854551575384025
2126,172.45588219316403
2127,10.91783002493922
2128,4.031911000245174
2129,3.0292359699486497
2130,530.3595413717936
2131,3.15478912090245
2132,1033.6409169143055
2133,53.63977280143285
2134,1009.3828018760096
2135,2.75520646466164
2136,3.2332876731721774
2137,5.103067479346344
2138,2.9162168848571395
2139,2.681783973819505
2140,3.032417999170716
2141,10.714178404510369
2142,755.7348085896676
2143,2.805859619652454
2144,174.61504101282242
2145,3.81276415117145
2146,80.33423895688135
2147,65.64516838465534
2148,436.699100580687
2149,682.8823077158091
2150,2.5288615869769533
2151,906.4254555298638
2152,3.192030047694624
2153,31.14261358842313
2154,67.81095563220586
2155,888.9797197779874
2156,3.1573520090110545
2157,2.913890154118221
2158,391.0305447809853
2159,745.0225023430205
2160,17.162439771954475
2161,78.77020937632751
2162,644.2573676637402
2163,3.0776119812674607
2164,265.0395756376939
2165,153.8921023633152
2166,676.1662980686509
2167,47.96429427092719
2168,525.0907073074716
2169,14.372204196942368
2170,2.8161849412856785
2171,2.931287857915484
2172,3.5794319102798755
2173,319.7520555519439
2174,278.0883834264348
2175,3.0658754386579723
2176,1.959073689726904
2177,2.63363951981959
2178,239.8775931555723
2179,145.71115479783205
2180,154.7560520289096
2181,454.1517670086269
2182,3.133094290679756
2183,33.68366449043043
2184,962.7850448274696
2185,911.1539619728042
2186,1017.1041798179442
2187,3.7535752749097937
2188,143.2324892873527
2189,203.290305018782
2190,520.5777152368021
2191,5.996815218851703
2192,2.8726851529279287
2193,415.4362866934453
2194,403.1324244769138
2195,2.9484324180654404
2196,365.39324755998206
2197,3.2787080716989254
2198,173.5968641553288
2199,745.4791518443517
2200,2.869233654705995
2201,88.35438147996369
2202,3.264572539185615
2203,3.2738523702217406
2204,2.6367402375942106
2205,2.302039749162238
2206,3.9355060118958223
2207,2.014809008071188
2208,3.974589608744908
2209,769.9293416668744
2210,3.36059515885877
2211,2.9186606565477864
2212,2.8769811393279907
2213,4.036975825533462
2214,3.4811418073601463
2215,3.3504252619151607
2216,4.05710597975907
2217,5.91174465376843
2218,340.8038097001288
2219,853.7880843316856
2220,887.290032966076
2221,2.9300562547688243
2222,346.7264756959684
2223,227.33143548084124
2224,763.2737371939364
2225,850.6182003922415
2226,3.626054442535245
2227,940.1671837720288
2228,3.004584682672388
2229,2.899772924633503
2230,99.15496445844254
2231,5.218808009220136
2232,2.394025481238421
2233,3.3635550075019376
2234,235.4775590411772
2235,3.2245573848292275
2236,61.75617063369644
2237,453.2663011455524
2238,2.817533429493933
2239,52.60928894773955
2240,2.8430216745300783
2241,846.2493944418276
2242,2.974427526202938
2243,3.671802812942997
2244,2.9719549280934427
2245,3.211386971274207
2246,3.5721104956965
2247,3.4554938414582352
2248,2.73701617731395
2249,5.486088427836583
2250,3.6443684541783177
2251,711.8311774056252
2252,747.4759850193784
2253,3.0382002804156305
2254,3.1166470487633258
2255,15.064035670635144
2256,75.87561976913234
2257,3.83924558020389
2258,41.574865745452406
2259,3.5078770116872864
2260,447.4030203621941
2261,3.2393696207609124
2262,375.6760383519459
2263,659.653665735322
2264,204.00526130915296
2265,2.994837160552202
2266,225.94091466430848
2267,2.786027904049027
2268,16.377423410348243
2269,2.6300291055886067
2270,2.9335510679493497
2271,2.696481274255512
2272,3.179965004569717
2273,3.1385382206184715
2274,3.168580115162435
2275,525.0004512915773
2276,2.972219142596758
2277,4.914993712657063
2278,50.15233828105036
2279,1010.3188340872928
2280,359.301990395325
2281,437.88413069054855
2282,981.2223374438878
2283,116.69222282841366
2284,3.1014787552981486
2285,3.341711470911592
2286,3.349777950977775
2287,195.2601710124155
2288,4.1788193956411
2289,3.270150791294222
2290,3.4210069301282293
2291,68.3552286407813
2292,3.070125120622755
2293,84.44401484767046
2294,3.141729932920271
2295,647.2014955567137
2296,2.9640184028993457
2297,46.07856967909496
2298,3.1521713235113897
2299,743.0732833786516
2300,2.5208134804074973
2301,1002.6101094315018
2302,14.094518096230162
2303,52.018788659238886
2304,3.2504101317430183
2305,292.38834713591825
2306,3.3496775767542277
2307,2.929347752813425
2308,3.7903945469008447
2309,3.011170136228729
2310,3.0955107009019365
2311,491.4955599448147
2312,389.2176095282851
2313,41.08682190562476
2314,3.62526587217676
2315,3.5840732241309894
2316,782.6326249711622
2317,46.04319069116461
2318,2.339681361917332
2319,716.0150841552377
2320,4.483262605906409
2321,18.10645723140708
2322,256.2893063050417
2323,2.976113308150662
2324,2.751304788080714
2325,1052.0599303658753
2326,13.519293329406292
2327,3.521173050388549
2328,15.648487173785146
2329,5.00823664900623
2330,290.0353166060153
2331,4.995286798280507
2332,65.27180392071041
2333,2.837210188723517
2334,6.1209523731184
2335,3.809556445102282
2336,136.90990644283494
2337,816.0462482786338
2338,3.2927973780478443
2339,3.268107331397517
2340,185.97208688518748
2341,908.6650822788808
2342,3.177573852163212
2343,2.8156328713371046
2344,3.6928986594337694
2345,275.5521811813726
2346,3.1678440885745545
2347,2.779570910713196
2348,771.4460542484817
2349,2.970828106992393
2350,3.180451465516287
2351,809.3926033425804
2352,119.368418874646
2353,515.543245311743
2354,3.2879097744095827
2355,709.4246705549708
2356,3.12591074266588
2357,20.61528642181201
2358,496.69677788763215
2359,705.7189106891655
2360,404.4301189608572
2361,3.0274685771572605
2362,3.7375872231048586
2363,323.0854892852184
2364,3.1791259755862185
2365,3.273259577016025
2366,894.4193099145095
2367,3.5319504334418586
2368,289.2190602395245
2369,3.305225044123207
2370,555.3648999510965
2371,994.0746266924496
2372,20.63666414237129
2373,4.390840588023479
2374,3.067099653642195
2375,840.9847842194469
2376,797.1728828810228
2377,64.99905798221675
2378,3.061556701968972
2379,57.32595760614052
2380,3.4584116896678894
2381,359.7163779256953
2382,3.090942975462424
2383,3.311659576862318
2384,3.9148869077205215
2385,29.35920278721813
2386,946.4149232190182
2387,4.079572499577808
2388,873.268009712149
2389,686.445083043561
2390,46.19428253835171
2391,4.367703917946699
2392,2.348861623342722
2393,2.724862822432818
2394,44.213337618714334
2395,211.76764763763185
2396,904.7707583187432
2397,2.781715513872129
2398,2.7023935922605684
2399,3.390219379322167
2400,2.968815218808515
2401,3.5370234250552635
2402,443.15617750230376
2403,2.825180286665264
2404,255.39279959308865
2405,10.20620666844227
2406,3.1536226712815907
2407,507.60206743304246
2408,44.213337618714334
2409,4.038653976266104
2410,956.1005348716876
2411,222.47848496226615
2412,702.1110009138196
2413,894.9573381809315
2414,557.7488225008611
2415,632.5830171513945
2416,2.721508227440042
2417,2.7695975910048265
2418,2.781053802083337
2419,2.802745512164632
2420,4.807915592002507
2421,448.6861792544458
2422,866.1275204722301
2423,479.860649000126
2424,3.0311702314072404
2425,47.13109512542265
2426,3.10780173436557
2427,3.3143556665538214
2428,3.3989359143729008
2429,697.3517677638188
2430,237.7114192165264
2431,3.327675677831358
2432,97.36296108150596
2433,7.042364631414258
2434,130.7440562739089
2435,818.9676908921522
2436,874.3667368176069
2437,109.83669168368093
2438,2.9478800424739195
2439,72.88999400824878
2440,182.9031161604985
2441,3.554948457871768
2442,282.52059227540326
2443,750.9148950785585
2444,174.82429351243928
2445,681.8451122000519
2446,591.7528921879425
2447,867.1671221749297
2448,689.2046732587269
2449,701.0980762748871
2450,516.4405112254325
2451,3.233162778783202
2452,3.577913400768453
2453,1035.4972563261772
2454,4.4360125933928725
2455,3.158397124134707
2456,439.5511758835987
2457,3.4327127427449806
2458,3.0347649521726923
2459,2.691368630251593
2460,3.3852492533830696
2461,3.2085600050932697
2462,462.21214817366
2463,2.6842527032588266
2464,3.2225072076374586
2465,3.3739677358606697
2466,2.5634414115922213
2467,289.2505178106408
2468,3.35348148716752
2469,26.865968876747285
2470,780.5854074352898
2471,2.807922997398027
2472,736.8356767582062
2473,679.6117415275776
2474,640.565475985419
2475,1011.3731443214432
2476,2.95231789890126
2477,411.069558829936
2478,556.3733824485513
2479,3.024581071312403
2480,760.2645142182076
2481,806.9355962248435
2482,3.077901563596316
2483,3.209927918192069
2484,3.001827359316433
2485,3.714156021012159
2486,246.62817519262325
2487,35.81395953099656
2488,752.4598174251133
2489,3.415629053246787
2490,31.150224831956915
2491,23.484248544457955
2492,3.80259055171972
2493,487.701417829601
2494,300.0470459590092
2495,3.710739531290179
2496,929.3040478865264
2497,707.7802922811579
2498,13.049531703231969
2499,404.6788206585783
2500,2.801110315478508
2501,225.14106678304944
2502,589.5585471824178
2503,970.6505592049782
2504,98.90851483746638
2505,3.1578193247928845
2506,2.993313294765084
2507,3.3260763151210515
2508,2.8343836222972016
2509,2.830364423851756
2510,519.4198405750635
2511,510.1446586426615
2512,360.8978709471556
2513,3.509744026961498
2514,699.4484917359842
2515,62.07177449033245
2516,3.797980550846112
2517,47.078049222246776
2518,13.771038073817117
2519,3.006862430405769
2520,573.119619137019
2521,4.126927855864258
2522,538.5359245666832
2523,2.598852393565266
2524,430.4325646632264
2525,753.3274877739964
2526,4.160634455444244
2527,5.044601981638007
2528,4.06922110712609
2529,687.5682077221256
2530,616.3317676001107
2531,5.221995690464194
2532,814.9591005680982
2533,763.307585566896
2534,2.9252484873464213
2535,144.1385754116608
2536,53.04777131557113
2537,102.64336223588012
2538,846.6356877634915
2539,2.1093926200716973
2540,3.261343068923052
2541,2.7814916712177973
2542,2.708108666622234
2543,3.573782517055069
2544,852.3497607735314
2545,2.6726422521716184
2546,350.38539814857927
2547,3.116474354316686
2548,3.3061287973161466
2549,2.6055715189592603
2550,3.270343564004999
2551,141.7361710834825
2552,2.1528248249065616
2553,2.821698059152731
2554,3.163248739107207
2555,3.1887071429654785
2556,447.3673387227181
2557,6.852330071757211
2558,768.4948429779281
2559,654.3416345789112
2560,3.112786306714822
2561,2.6917249455404018
2562,777.2247504357947
2563,562.1322290599204
2564,3.6017483424040786
2565,60.60010599634383
2566,165.23184655604862
2567,510.1164348685072
2568,3.45275758123293
2569,2.9352548871411326
2570,320.144809325448
2571,262.1006774541114
2572,440.2046187850684
2573,103.01434957504298
2574,823.9739517912506
2575,3.2989033081771613
2576,4.5823144098557504
2577,337.0466914174674
2578,38.36139871259009
2579,540.843959300702
2580,2.9220983101425038
2581,3.57801621108146
2582,3.235421887590616
2583,812.2546342685971
2584,119.68003707743406
2585,1009.2164001500518
2586,805.2350101049266
2587,256.78835276019333
2588,791.2931328425611
2589,29.48942484915398
2590,2.8789832228350734
2591,3.9500038765077807
2592,488.0235055949413
2593,557.7072152530684
2594,5.2721401597301805
2595,3.111418035921198
2596,729.597616283812
2597,3.574426536320205
2598,35.103463738582384
2599,3.189436550922672
2600,888.7300023735598
2601,818.1659504654983
2602,3.1576770413999595
2603,3.565435408637163
2604,3.648371302252577
2605,3.979187905199433
2606,3.236113779052946
2607,172.92828652227
2608,392.413053748645
2609,639.8421121309262
2610,2.890753240989698
2611,10.630853208762852
2612,1002.8348906102356
2613,2.6379088340195858
2614,319.2082556352151
2615,3.2787057343965595
2616,3.057201541991485
2617,4.595162548273354
2618,406.9213519598375
2619,203.9203745038153
2620,4.230870129969894
2621,3.2456426818276025
2622,2.0489006846196425
2623,890.5324428818485
2624,3.248506604903889
2625,2.9244204506839777
2626,3.176918869985893
2627,3.485587367156719
2628,2.415107083732848
2629,2.8589921632453565
2630,2.998082154863377
2631,2.948215795938995
2632,2.700839144125543
2633,970.7611270242428
2634,2.439869264861795
2635,580.2708039303344
2636,2.8927584822784294
2637,3.022036542438134
2638,799.975716788568
2639,84.6746666864894
2640,13.853995728410204
2641,3.107804933886928
2642,5.5016284668709545
2643,277.4958755102411
2644,1032.5314666010593
2645,63.92559092831672
2646,3.098072238559055
2647,2.4423778387032384
2648,3.064537570249729
2649,68.94216495693347
2650,3.2751731976207505
2651,39.28975477102902
2652,2.201455792586714
2653,3.7499961913784734
2654,345.59536637436264
2655,674.6227654319192
2656,101.60482639813684
2657,3.5105356331139626
2658,3.4225339634899994
2659,95.8724777360522
2660,3.235669395205964
2661,3.2563819568109422
2662,3.481901501329857
2663,6.888443379224165
2664,3.307756185174651
2665,3.403402201358142
2666,576.5957591131223
2667,120.53017941823548
2668,276.421128316336
2669,633.9680934733875
2670,3.21711294204648
2671,2.964568053226327
2672,4.272654050565464
2673,3.676571198967459
2674,512.7107357232709
2675,3.1249722365773285
2676,838.7104596711432
2677,2.653046219744715
2678,431.8142036551857
2679,972.3121048885153
2680,3.3652519421375247
2681,780.9229803653401
2682,500.7760972040085
2683,388.762184013968
2684,2.8499447886373264
2685,611.0683845842574
2686,3.022245904767284
2687,4.032928701419807
2688,45.77523824432189
2689,3.07167758821981
2690,4.25125768688069
2691,4.367703917946699
2692,861.4853517620752
2693,4.152192812669743
2694,4.435139567851306
2695,4.049979200381252
2696,3.1148862257740597
2697,818.8858993631704
2698,2.8503190408774834
2699,147.5946174692438
2700,3.4353237962133925
2701,3.1175178448879266
2702,3.598056271612228
2703,2.9463394703890025
2704,2.8692833683834174
2705,3.126408251151813
2706,3.037319893005133
2707,99.01045449277404
2708,666.3045929164203
2709,3.189746718644996
2710,639.1308798619008
2711,2.8759595901434367
2712,2.6291399401868016
2713,3.3309723217207567
2714,453.3810364046032
2715,2.663962574369231
2716,804.1755428553926
2717,551.1326202320564
2718,893.603327049614
2719,3.664213848818235
2720,625.1828163440117
2721,404.2677487462608
2722,764.6843908434721
2723,3.581117080237476
2724,468.1271684164976
2725,4.926907234153517
2726,873.9989262551825
2727,467.1322929962964
2728,485.7003270596025
2729,598.1292522805214
2730,2.652667264524049
2731,3.1120417297078182
2732,596.3330828203251
2733,700.8944270471743
2734,613.9339504661697
2735,150.22151975837036
2736,3.088628158163786
2737,3.17464117476819
2738,67.69358254733135
2739,2.812746094464087
2740,126.83777344360992
2741,3.0902350348780807
2742,2.908783519271304
2743,814.2540240986104
2744,681.2165986332412
2745,3.0250630937656875
2746,9.815972617388937
2747,4.0899006269377285
2748,230.70758785109007
2749,635.1294285317198
2750,3.4575949624217004
2751,731.728141482857
2752,536.7782174154449
2753,655.3669515326854
2754,845.0959678283966
2755,3.928637655479599
2756,2.909516032836895
2757,2.3560169158572823
2758,50.34173492256527
2759,2.8381104876218144
2760,790.4467353288608
2761,3.3202098127070285
2762,2.9540437670167354
2763,5.164727647169673
2764,848.2982531684538
2765,112.05377298971965
2766,2.9497270015047525
2767,4.735545998109584
2768,3.323383907993653
2769,3.849715410967046
2770,4.035267670841626
2771,194.6093688617059
2772,2.8887068049990465
2773,3.3776889118781788
2774,106.45850059959407
2775,3.1566875046417877
2776,624.7234149606127
2777,3.201464934126484
2778,921.2822573966672
2779,489.87519571410274
2780,3.4432575785662647
2781,574.3197459502962
2782,3.14150236518551
2783,4.161857784799522
2784,112.8820048480604
2785,679.4393264447327
2786,284.426409988974
2787,72.34845417460981
2788,3.1023501735635524
2789,878.2369517824093
2790,956.9679786276856
2791,2.808289337717323
2792,2.9335259188221583
2793,281.108813196867
2794,332.38627179403954
2795,3.2533609823042244
2796,462.04947916708113
2797,853.7735498492042
2798,3.0482322216285245
2799,3.4892609521002487
2800,785.8884585867588
2801,2.3830975674924715
2802,3.277465107539157
2803,381.9220028508399
2804,24.984802276888963
2805,3.428696382099227
2806,3.4147702259151056
2807,49.244238959929945
2808,177.4340284521183
2809,3.8581068757150856
2810,3.2775408292967336
2811,6.195014988013198
2812,3.324783782918094
2813,216.0561501896169
2814,4.104655027671274
2815,2.9586278652786864
2816,83.11630205735604
2817,2.8853570329137965
2818,2.8773741148260727
2819,117.48863848140576
2820,2.926658379283253
2821,362.2244019886221
2822,3.3082540307307755
2823,3.536822921212659
2824,3.2100368069189305
2825,2.445705300070845
2826,2.764764802350129
2827,45.71057296587304
2828,3.092969895742146
2829,779.3587170543984
2830,2.7667902343587083
2831,841.9701316588482
2832,4.180422453848579
2833,278.1335175819324
2834,3.720981092468042
2835,391.87056834791167
2836,11.069383533503006
2837,676.2937633956825
2838,50.65126888509316
2839,3.115149492288954
2840,806.5778586082832
2841,3.1995153967574352
2842,329.95802289220904
2843,57.29574262535312
2844,26.289918263288243
2845,608.34372023499
2846,225.27864816950736
2847,27.158004502657533
2848,446.4712186774941
2849,384.3972436283317
2850,3.14432510211222
2851,448.53801918924313
2852,400.434504228551
2853,3.3523179771777465
2854,504.64233716120185
2855,3.200760267358673
2856,3.754557385987116
2857,4.566354949449996
2858,882.4358216618701
2859,2.549701976624404
2860,275.89258086588643
2861,498.4484124032397
2862,4.104853558401995
2863,803.8882295793569
2864,2.6534590240330447
2865,683.2446081970608
2866,734.8197740379406
2867,41.14466852283708
2868,2.640366471422494
2869,3.0634519507568108
2870,259.08783794613765
2871,2.765048734944835
2872,10.17372380959023
2873,2.830718670469432
2874,494.5151446983858
2875,3.0111482612185103
2876,666.2688772357158
2877,105.24350557360192
2878,91.79585981533052
2879,879.1818229399297
2880,732.4573320981227
2881,2.9069991336310013
2882,428.7948782213843
2883,13.7700716994289
2884,3.1481425433624044
2885,65.39600362713072
2886,707.1914351875968
2887,83.23767654104591
2888,0.7790626461230988
2889,726.9528918764306
2890,876.7786241655273
2891,3.4362152928737317
2892,2.7700248250096378
2893,4.135144721599836
2894,651.0614204064199
2895,2.439272044858583
2896,2.991816495139852
2897,88.65782509704967
2898,3.8731158090924738
2899,9.09331065509398
2900,3.282677173317067
2901,503.4924729214917
2902,3.394855869622873
2903,3.0167023728588696
2904,2.027375728646968
2905,734.8984807927852
2906,3.259644316365856
2907,3.9443087756161184
2908,738.689656353224
2909,10.60478551254866
2910,3.302325629479171
2911,3.524044185311621
2912,3.3135895706436265
2913,2.7102347811309344
2914,8.168070378302673
2915,2.7285323267879176
2916,881.5027363737166
2917,2.913963035270968
2918,156.87287379610342
2919,4.279466931282261
2920,469.19872218895966
2921,287.6745923300128
2922,214.83079139977156
2923,76.97731078504756
2924,76.57945574173858
2925,6.917197787797951
2926,935.271581139556
2927,3.025527426684212
2928,3.852461196452376
2929,3.1016492175145487
2930,3.7229761144243088
2931,3.097360910667038
2932,3.219778171772449
2933,750.3253407365752
2934,3.928960015842124
2935,3.695377979994358
2936,71.52668786520816
2937,2.1858745881727804
2938,57.51506293295669
2939,18.45143000558416
2940,3.8212971951898345
2941,12.229233548591214
2942,221.1350941532786
2943,3.3211266537015875
2944,3.5262236247734853
2945,834.0343810097195
2946,2.9376553023661147
2947,901.4455118056192
2948,3.1484994502910784
2949,38.177830846114034
2950,27.910911941081785
2951,512.663755002326
2952,3.0277879563379924
2953,346.97197405734136
2954,6.6290764094684524
2955,13.467449404137708
2956,3.067395817605809
2957,3.475039403197099
2958,57.11956835119262
2959,864.9483965426177
2960,3.0215610319584663
2961,728.036508654057
2962,3.065618284591272
2963,2.707510766318137
2964,80.14658937206272
2965,3.104055493227154
2966,29.789534340246316
2967,2.7503362094250328
2968,2.9210002376182644
2969,3.2330332827800947
2970,2.787082433837374
2971,3.1901596499347806
2972,3.795498496690169
2973,880.628082037494
2974,724.6053374551997
2975,3.0200254552350803
2976,3.502293751595744
2977,464.8075464281384
2978,3.186907646385744
2979,3.187417990989481
2980,1039.3924528691489
2981,49.15032223033986
2982,2.8407596691313444
2983,3.3624029978418424
2984,2.9983572759052186
2985,248.40653453518536
2986,2.7809764218996587
2987,3.0430581890797503
2988,180.45724097785683
2989,3.18201457885499
2990,3.070708496008129
2991,325.9009436943176
2992,17.391897712033007
2993,157.37110237840523
2994,470.12370913241045
2995,934.944935388171
2996,3.061586388871885
2997,3.0649752880426417
2998,3.177263378786605
2999,436.7210077306141
3000,56.36521755026516
3001,16.69334532514215
3002,2.641398126126897
3003,723.1338381856882
3004,606.8661235423039
3005,460.4758254166092
3006,2.97875462414895
3007,894.121739135169
3008,206.7431618828943
3009,3.692005452320983
3010,12.260970240621036
3011,744.9504570573997
3012,3.13619977640517
3013,3.219721849547988
3014,413.0483790115258
3015,3.875089259631001
3016,3.4135416890736594
3017,3.206384081028243
3018,800.5715248457759
3019,3.5397661259862976
3020,2.6493856948267576
3021,155.3240719849518
3022,2.9879517624629583
3023,957.3117288718412
3024,4.362609707279458
3025,460.8552430074986
3026,782.4413776581182
3027,208.1556694836601
3028,591.0766066728205
3029,436.1075821027573
3030,3.755510917933027
3031,936.5011273710214
3032,3.819911037288166
3033,3.085965725499826
3034,1.8892635443263783
3035,577.6652321451219
3036,3.071095247327886
3037,546.3929544010181
3038,267.4696658323272
3039,2.9282056096589515
3040,553.3343963244292
3041,3.000562380655296
3042,6.836351824177748
3043,3.122225585073329
3044,882.7579537429483
3045,79.46541601039175
3046,2.981770985675035
3047,3.144332512255101
3048,28.66722696133192
3049,3.360233806091724
3050,11.25024836777381
3051,3.6012672516390625
3052,798.7566658290485
3053,822.3388968892946
3054,3.380642839273609
3055,4.310646232511239
3056,130.02653819334128
3057,3.2515297497434266
3058,5.9319204163516845
3059,3.0376761005923694
3060,615.6222474137675
3061,3.634721594834793
3062,2.9631581469108097
3063,69.05224974736599
3064,675.1710406438838
3065,3.081705747872138
3066,824.9380966990135
3067,3.371107043436865
3068,2.9743703523888483
3069,3.6244014690018607
3070,490.4558029302796
3071,63.05863931668266
3072,3.705844777315599
3073,494.8560500664958
3074,88.84695605695444
3075,221.04624277241825
3076,213.05035132715315
3077,3.3407893173002816
3078,669.9721205555679
3079,2.891507672082132
3080,18.53246476852509
3081,3.793101656578725
3082,375.4721123852496
3083,3.460066199952492
3084,675.4385562058569
3085,2.1870390705377245
3086,3.232594294246726
3087,46.56709865921619
3088,3.5821097149857275
3089,3.701844422630841
3090,3.0277033616919344
3091,2.4302573843511426
3092,619.2982876612998
3093,930.6436409105892
3094,3.275009587531561
3095,4.2170719579510525
3096,151.6556549656338
3097,2.847240790674952
3098,2.756885238457988
3099,59.44776560030963
3100,3.2619818936327647
3101,3.0159646926480908
3102,881.6472735902856
3103,3.135969763044005
3104,14.546616475973176
3105,461.495461596452
3106,2.8660386668429494
3107,3.750534269923557
3108,387.4780932053734
3109,10.51874613175973
3110,5.615447739077868
3111,3.543000906884481
3112,3.2680755951518528
3113,2.875806711913196
3114,153.43939157417074
3115,2.485112783288463
3116,4.008496706351164
3117,910.922149773311
3118,764.1134137794725
3119,26.75585846338015
3120,2.77322400387776
3121,22.175153533823718
3122,848.9525734290067
3123,567.1017820203249
3124,3.1123372914161798
3125,8.004126140555949
3126,3.150921130832643
3127,2.7283214578193866
3128,3.912092439575034
3129,3.2064533140342912
3130,882.7975948715372
3131,685.4674121883671
3132,778.6787379003814
3133,5.761805251861515
3134,157.86585963945683
3135,3.8356981683601448
3136,4.028066626985767
3137,696.484842155426
3138,722.1161442138383
3139,2.955932203826665
3140,1.965172530959852
3141,3.0946965319696766
3142,4.688617976640751
3143,141.26693285422917
3144,300.6161636646229
3145,3.15478912090245
3146,3.411656466368876
3147,666.8233409437221
3148,547.3651367298166
3149,547.1347119441717
3150,2.9150593761664174
3151,607.7619754002185
3152,1.6761814629110532
3153,309.0799663433491
3154,4.523806766933969
3155,10.467767916520335
3156,5.706055860995925
3157,2.823653309998664
3158,2.9013944062961308
3159,452.5900153150927
3160,102.70103156486552
3161,3.675322367278566
3162,378.79241329022034
3163,693.9793724181036
3164,3.2798344034839566
3165,3.3223551933179127
3166,739.2228735498779
3167,3.382236225492255
3168,9.286009522175863
3169,5.163818253574533
3170,45.29304561511148
3171,295.91966719108905
3172,3.658264993669978
3173,286.10936575023834
3174,3.188446775449239
3175,2.951995060014596
3176,534.6049490636372
3177,263.44451453366065
3178,3.704738255159931
3179,3.358378207434715
3180,3.311091609164232
3181,4.14141312278466
3182,3.516347582868785
3183,3.5502176161110253
3184,4.194056950903904
3185,4.055144341086055
3186,136.41134861827646
3187,37.56680595803935
3188,790.1049556395618
3189,3.4509904576982597
3190,714.819377856575
3191,429.4449516195421
3192,112.21259701345394
3193,859.3821102071986
3194,634.6741496716967
3195,39.484028955740975
3196,3.606430521182504
3197,2.102424027658232
3198,3.064719682282913
3199,6.985146441834367
3200,385.8943926889264
3201,592.2948833174486
3202,922.1146355497734
3203,516.3745881522096
3204,1027.5330663613493
3205,14.624416942041188
3206,470.1666549114588
3207,758.9129721359034
3208,391.0349424945652
3209,3.173698817693409
3210,1030.4800268287925
3211,504.750322021416
3212,3.5218592114425475
3213,4.122192976028162
3214,542.4162178148922
3215,313.2512035179185
3216,726.6819009075057
3217,3.6610422691243474
3218,2.6188467230949986
3219,45.25435193120673
3220,169.1417857612032
3221,138.81216161053788
3222,3.5403164140542724
3223,874.7047333647047
3224,4.05403873519589
3225,40.880059471746186
3226,3.992763484132426
3227,2.819891222216365
3228,3.189729337836703
3229,3.5918323547272752
3230,251.07072907981373
3231,15.762725421398278
3232,2.9322782204113174
3233,276.18752423037773
3234,32.26904887721194
3235,12.52002460766546
3236,2.8717926424043494
3237,2.8452576535440968
3238,3.426271388279022
3239,843.4579265251829
3240,2.86234475953693
3241,3.824846250518513
3242,4.404456211664096
3243,3.423591783701029
3244,603.9311514573999
3245,3.0885822385843964
3246,730.8009976484668
3247,3.21346034968342
3248,3.823721857467392
3249,236.17012143005624
3250,5.326798195471717
3251,878.3488503743318
3252,80.54182268909409
3253,3.226008137526416
3254,2.880384932378649
3255,982.6439477660864
3256,4.047809670242436
3257,364.3327138610386
3258,31.51565598730768
3259,3.506145298373008
3260,3.170651532885417
3261,3.030417792250889
3262,4.967989429735762
3263,338.5531107444199
3264,13.055673647878086
3265,3.405152693428198
3266,111.23062463334
3267,384.6365374565001
3268,3.69570424196921
3269,3.4562425938361296
3270,3.205131497865045
3271,3.942116386294243
3272,3.732143468034248
3273,2.8869746116984816
3274,3.136773605281515
3275,3.595208506311859
3276,551.6413619582813
3277,1025.5125134670627
3278,409.722468713262
3279,4.444182280101447
3280,2.7267369118053626
3281,3.4387976664534508
3282,949.4429409486418
3283,9.564227620964356
3284,3.0651137821575536
3285,3.1759148815463103
3286,863.8608282256712
3287,3.3701705887114595
3288,801.6795634877917
3289,764.613972069535
3290,6.03696562372147
3291,3.187918941025964
3292,441.84413734945
3293,424.4459558020322
3294,3.715784276016036
3295,78.47020789150339
3296,3.560484769814863
3297,19.234449508440505
3298,2.806079545120267
3299,463.8110387686597
3300,2.846039845134311
3301,356.91712342138067
3302,3.3853966857997704
3303,3.1774158547907128
3304,3.622901097987384
3305,774.308126055525
3306,3.301834303684804
3307,3.051184888479268
3308,415.625292752445
3309,2.5733129484010435
3310,3.6287522746372014
3311,544.6073917745457
3312,116.09627205596716
3313,97.92777187104258
3314,398.26073120306273
3315,581.5515670467821
3316,3.705617286096155
3317,366.7622890987645
3318,3.076316389876877
3319,163.15196479176066
3320,702.7644791453758
3321,3.3013641499963806
3322,3.2514660149924275
3323,3.5589652129297367
3324,2.9867485091240957
3325,3.199235680158301
3326,755.6365825650574
3327,3.911172876102342
3328,404.03083954504166
3329,156.030432754867
3330,893.3750200351611
3331,7.870302512670175
3332,266.6062755233664
3333,3.128782785072732
3334,993.2812596251788
